{"policy":{"layerSizes":[9,32,6],"weights":[[-0.7951850165695894,-0.3691423226977839,-0.2525729525920849,0.634680744389372,0.30525787270039445,-0.8800496241833166,-0.34111225999143896,-0.29957918024211116,-0.3941920223526354,0.03215903011768761,0.5922626318735672,-0.7470471951745054,0.20686367437813583,0.25347405868387396,0.4647462374056744,-0.03644120326701811,0.4379785196261744,-0.2776063907154649,0.19123322448781638,-0.05905862140692444,0.28066186304619284,-0.21870035385229164,-0.38472152113927605,-0.0016984460050628878,0.34722466592802187,0.2780260399120555,-0.004941390106161785,0.5639153102519562,0.7921789358737928,0.6237297845338904,-0.4056620305154641,-0.14000177714939768,-0.622103057930336,-0.3736806144678101,-0.19071449508541413,-0.29553029369309813,-0.023523098926010892,0.40047986163482335,-0.1490744517673029,-0.7831582050531901,-0.9929566658485379,0.4681067941001444,-0.14945907798827993,0.25210287021906924,-0.36272010315094794,0.21662084072686988,0.5601135749843927,1.1908834388448375,0.43964772980265143,1.2493266288024556,0.339534593093616,0.16576698969549716,-0.6878224851034009,-0.38480228617090795,0.3119232938943139,0.4232692932221344,0.1828080822412439,0.2745002424742929,0.06895242553171946,-0.6480562296457067,-0.032458849880207745,-1.1205001682287385,-0.8074785107776583,-0.05152808895931337,-0.0282383301552844,-0.409313402321373,-0.7827812480452705,0.02631893963614799,0.6288430752974418,-0.19789219351520204,-0.8573359752758667,0.029657103808444475,-0.7909473601888328,-0.3888895814190858,0.2895558201415178,-0.15777981090893237,-0.39462370597869767,-0.041798187590380204,-0.9950969927140736,0.5983984444749554,-0.4719127986449536,-0.2766745103282694,0.23235752803008536,0.010649531748169789,0.5293984891363159,-0.2503972825929667,0.09857053396963844,-0.21680274644282682,-0.8347604957964784,0.554187332666309,0.10245972866497681,-0.38734756167678963,0.023921268905732485,0.36484026597976144,-0.09301604980995984,1.1157018078558305,0.16606445050962926,0.13566868390617756,0.7619963168013191,0.18642891947979653,-0.5164718367247454,-0.6243190039919952,-0.20169927858435094,-0.7077083283745772,-0.10396930194880932,-0.34465688887761803,0.5660597074190641,-0.10648982814010564,-0.21273395352622143,-0.44920723172254584,0.12384619251411372,0.471282444128759,0.5419996260331807,-0.7503918191241187,0.06751769293975905,0.5401988510358853,-0.3896523581952305,-0.23394714900934435,0.0648588366795276,0.06966778233497121,0.19474358967606,0.2179465464509249,0.17105647171840838,-0.7347821168383031,0.7451059094450267,-0.476203846763475,-0.5513269168911742,1.1406634692751632,-0.8677377545193389,0.21729222219452243,-0.6162241621621931,0.11542041771358547,-0.5226996815145202,0.4849800956103705,0.21016221581662595,0.14323609181127844,0.13180511216089613,0.38218262736635694,-0.21581325215233882,-0.5605310091045884,0.6414791893961999,0.33494257881028333,-0.18632483712561285,0.4796709521401793,-0.3806764145124667,-0.21828585598132644,-0.5382827840982071,-0.1654308413185994,-0.8991601435487612,-0.2567728437042578,0.39128302597043496,-0.9703622549000387,0.5652819142374199,0.8574485110050214,0.25686756260850097,0.5902475953229844,-0.23835573092516604,0.15183812474953082,0.20448459245826853,-0.7534202371444895,-0.7931016021856986,-0.4483001801882262,-0.15079546652940065,-0.13536985756252926,-0.11551994912171028,-0.18029283108126476,-0.06912390134815659,0.2223880712244626,0.877527433347827,-0.596825426828633,-0.3658673263062072,-0.2630393954775152,-0.01895574848864369,-0.160444313418565,0.4009782700064451,1.4069410574597545,-0.35990874416637614,-0.26230234010671544,0.6204703740838128,0.7723934822641241,0.27867415860982414,-0.03297325904066709,0.2693203567845426,-0.2792629876611637,-0.40578610178651375,-0.1858188081234481,0.17608867317411067,-0.4256283992384882,-0.906326147188471,-0.39768425889002756,-0.4188128624433963,-0.885529247991512,-0.21011505754687065,1.3093187937199693,-0.2829495584478124,0.1962754465843096,-0.17894135464924266,-0.5623116705777688,0.35109539357269937,0.11619555285372371,-0.3313656110436225,-0.46886125508759463,1.1012919525573432,-0.5228560796875071,-0.2913899890207066,-0.539118508604965,0.3878580876185607,0.4316915764701754,0.01429786584555825,0.248199449360172,-1.0304410894108804,0.07494775705524351,-0.8253359277384933,-0.14515711181381774,-0.3247520103368393,-0.2073516345981197,0.12563592992982456,-0.09220510574068949,-0.2793687476457633,0.7514819467530935,0.6004187087261391,-0.0900419598105111,0.23971170720807783,-0.24133445405893802,0.4313512464083828,0.17225864275004105,-0.4453250053218396,0.5068864679029477,0.4065943168211938,-0.5397879955436469,0.9985484653312704,-0.2623163858963004,0.5227481442474229,0.40616717111794853,0.7578451551538722,-0.548127624796946,-0.17397627954408956,-0.030582485321158034,-0.5405534224835975,1.131997640728209,-0.2233216927803947,0.5533750059405367,-0.4284702710328771,0.11326956222946388,-0.7281875441741389,-0.5511479892930089,0.6528333225781882,-0.3605633844531735,0.14242630775267986,0.31818261344673376,0.11597495434724701,0.9122237752055204,0.22175065809363145,-1.0875540157127646,-0.5268373904802354,1.1156324153062467,0.835742669535267,0.1711510125117263,-0.5616871006859975,-0.24506120509908777,0.508131225399398,0.3778973834174718,-0.3105535060120833,0.4765593979273838,-0.6467937275601833,-0.06972969192948773,0.8214846434882233,-0.6307067176962723,0.4055110845180742,-0.2980327971326329,0.2455682644353432,0.0589247485424194,-0.009169153689225095,0.2976888435567038,0.4943538975136628,0.4808398028434635,1.2017884317729917,0.615800582004242,0.3294838186092508,0.4599577612999159,-0.05671920910771467,-0.16505820907468788,0.4038515133245505,-0.5682837036651057,0.16243617762259688,-0.5692554322077661,-0.3916158582584687,0.40339357822851846],[-0.4638489435044165,-0.24070002930481788,-0.18299905517722276,-0.10859047258220593,0.111825998443694,0.07241924609626756,0.1342160172355443,-0.1516203527936619,-0.02604475388226981,0.1887421892015633,0.1515952459520272,-0.0788425772115216,-0.19503578042939274,-0.0077105299865161455,-0.5946572485864838,-0.017658489984299395,0.17942256937639123,0.16826426124027147,-0.10550643626803789,-0.6960537509402221,0.29818248163752625,0.2891591026706991,-0.11978711217248841,0.28758111163477773,0.1860919709668685,0.0913938033090799,-0.2774304523825026,0.21119113476813342,0.13244577533040408,-0.16804655302683477,0.18895414479606681,0.09341351939636282,-0.3377557157900496,-0.2679004134761947,0.05690859160023725,-0.1182471048335876,-0.02369955125376601,-0.08497424142541198,-0.15357502151176952,0.22014768703119378,-0.004286457769830702,-0.13614861557363345,0.15688738945950043,0.25084781471941436,-0.15658112937800198,0.317269785666999,-0.07243113691845476,0.24166307853607347,-0.055314171455620995,-0.04974783203100548,0.20108266773202052,-0.14676542527865183,0.2859331324815003,-0.249834792633594,0.3722262572322134,0.07539239656593237,-0.08761755647270035,0.37903927497498385,-0.2117773880490196,-0.051037273892217135,-0.037879221384188304,-0.05048675229682375,-0.3376183212102883,-0.030219129865776368,-0.14919526053250673,0.08897873444755418,-0.1369997455089076,0.19124454332100493,-0.1629365147633735,0.1937765417244652,0.1966260245201069,-0.31349183098530636,0.15524938405419478,0.2616270600784615,-0.2646885755228255,0.0006052255625580625,0.1731207937120804,-0.20133535502850172,-0.02014432799853095,0.24262484578642,-0.03781723032639055,0.017350030568303084,-0.0040344740263404625,0.16141933701934685,-0.11922147751724765,0.36899066526254265,-0.30297539617238745,0.002809258759719432,0.26230514212276257,0.0930631965642912,-0.03779176194061758,0.3486787071922094,0.381433472705081,0.06984188457712666,0.16389318063903602,0.17272790092469525,-0.6151446668810445,-0.39168341862313516,-0.09030114998942884,-0.18800213437424373,0.05470127735007199,0.4276542209020071,0.08360971133789911,-0.3027380534424111,0.11929110172716302,-0.4859587361912539,0.3993816379476691,0.09488070163641087,-0.03639154744744274,0.4143269095212552,